ID,Date,Year,Station,Species,Trophic Descriptor,umoles N,umoles C,d15N,d13C,C:N (mol/mol)
1307-1308,20130808,2013,BARC10,Alcyonidium disciforme,suspension feeder,1,6.95,12.24,-21.53,7.28
1593-1594,20130807,2013,CBL14,Alcyonidium disciforme,suspension feeder,1.08,5.23,13.01,-21.76,5.4
1543-1544,20130805,2013,CBL13,Ampelisca sp.,suspension feeder,1.7,17.45,10.27,-20.13,10.66
1575-1576,20130805,2013,CBL13,Ampelisca sp.,suspension feeder,1.87,19.3,10.09,-24.53,10.6
1591,20130807,2013,CBL14,Ampelisca sp.,suspension feeder,2.34,16.4,11.95,-23.26,7.02
379,20120824,2012,CBL15,Ampelisca sp.,suspension feeder,6.09,52.57,11.75,-23.96,8.28
429,20120819,2012,H1,Ampelisca sp.,suspension feeder,4.84,40.84,10.84,-25.02,8.41
1121-1122,20130810,2013,H107,Ampelisca sp.,suspension feeder,2.08,20.27,10.05,-22.34,9.64
751,20130804,2013,H17,Ampelisca sp.,suspension feeder,3.7,18.26,11.43,-20.68,4.93
435,20120819,2012,H19,Ampelisca sp.,suspension feeder,5.84,49.13,11.38,-24.14,7.11
407,20120818,2012,H2,Ampelisca sp.,suspension feeder,3.72,55.33,11.07,-24.59,9.18
445,20120820,2012,H20,Ampelisca sp.,suspension feeder,5.09,38.01,11.15,-24.05,8.29
321,20120813,2012,H24,Ampelisca sp.,suspension feeder,4.68,48,10.47,-23.78,8.51
889,20130809,2013,H29,Ampelisca sp.,suspension feeder,2.53,12.61,12.85,-22.62,4.98
891-892,20130809,2013,H29,Ampelisca sp.,suspension feeder,1.96,16.2,10.54,-23.01,10.32
219,20120821,2012,H32,Ampelisca sp.,suspension feeder,4.93,44,10.5,-25.01,9.24
985-986,20130810,2013,H33,Ampelisca sp.,suspension feeder,1.82,20.75,10.46,-17.43,8.13
389,20120817,2012,H4,Ampelisca sp.,suspension feeder,7.26,48.4,11.51,-24.28,8.06
1063,20130805,2013,H53,Ampelisca sp.,suspension feeder,3.09,15.71,14.8,-16.84,5.08
365,20120816,2012,H6,Ampelisca sp.,suspension feeder,5.92,55.07,11.01,-23.86,10.21
629-630,20130812,2013,H9,Ampelisca sp.,suspension feeder,2.12,21.37,10.48,-23.14,9.32
1319-1320,20130804,2013,UTX1,Ampelisca sp.,suspension feeder,1.83,20.24,10.5,-23.04,10.09
1409,20130805,2013,UTX11,Ampelisca sp.,suspension feeder,3.05,13.16,12.38,-21.43,4.32
1361-1362,20130805,2013,UTX8,Ampelisca sp.,suspension feeder,2.48,19.73,11.41,-22.63,9.09
1285,20130808,2013,BARC2,Anonyx sp.,scavenger/omnivore,2.54,17.44,16.52,-21.35,6.86
1461,20130802,2013,CBL11,Anonyx sp.,scavenger/omnivore,3.34,18.78,16.24,-19.98,5.61
1545-1546,20130805,2013,CBL13,Anonyx sp.,scavenger/omnivore,2.51,20.68,16.65,-24.28,9.21
1595,20130807,2013,CBL14,Anonyx sp.,scavenger/omnivore,2.94,15.78,16.73,-20.03,5.37
1125-1126,20130810,2013,H107,Anonyx sp.,scavenger/omnivore,2.05,18.64,14.37,-21.48,11.47
275,20120820,2012,H16,Anonyx sp.,scavenger/omnivore,6.88,57.94,15.46,-21.36,7.69
887-888,20130809,2013,H29,Anonyx sp.,scavenger/omnivore,3.38,12.1,16.68,-19.3,3.51
222,20120821,2012,H32,Anonyx sp.,scavenger/omnivore,7.26,33.39,15.64,-20.67,4.6
1067,20130805,2013,H53,Anonyx sp.,scavenger/omnivore,3.18,13.73,12.76,-15.54,4.32
569-570,20130804,2013,H7,Anonyx sp.,scavenger/omnivore,2.48,19.06,15.36,-21.68,9.15
1321,20130804,2013,UTX1,Anonyx sp.,scavenger/omnivore,3.24,17.36,16.7,-20.15,5.36
1365-1366,20130805,2013,UTX8,Anonyx sp.,scavenger/omnivore,2.17,16.69,12.77,-21.1,8.96
1463-1464,20130802,2013,CBL11,Arcteobia anticostiensis,scavenger/omnivore,3.63,18.77,14.45,-19.44,5.61
1207-1208,20130803,2013,H112,Arcteobia anticostiensis,scavenger/omnivore,3.19,14.87,14.35,-19.44,5.29
753-754,20130804,2013,H17,Arcteobia anticostiensis,scavenger/omnivore,2.55,16.63,13.55,-19.52,6.09
1323-1324,20130804,2013,UTX1,Arcteobia anticostiensis,scavenger/omnivore,3.02,19.31,13.53,-20.52,5.29
273,20120820,2012,H16,Argis sp.,scavenger/omnivore,8.81,48.33,16.06,-20.3,4.86
224,20120821,2012,H32,Argis sp.,scavenger/omnivore,8.4,29.81,16.38,-18.44,3.55
99,20130805,2013, H53,Astarte borealis,suspension feeder,2.67,14.28,10.44,-20.16,5.35
69,20130808,2013,BARC10,Astarte borealis,suspension feeder,3.13,14.08,10.33,-19.88,4.5
63,20130805,2013,CBL11,Astarte borealis,suspension feeder,3.19,15.76,12.32,-19.18,4.94
1209,20130803,2013,H112,Astarte borealis,suspension feeder,2.81,12.98,12.71,-18.54,4.62
278,20120820,2012,H16,Astarte borealis,suspension feeder,6.82,38.29,11.77,-20.63,5.61
77,20130804,2013,H17,Astarte borealis,suspension feeder,2.94,13.62,10.77,-19.99,4.64
9,20130809,2013,H32,Astarte borealis,suspension feeder,4,16.46,13.65,-18.74,4.12
226,20120821,2012,H32,Astarte borealis,suspension feeder,6.78,31.16,13.1,-19.39,4.6
201,20130812,2013,H34,Astarte borealis,suspension feeder,2.97,12.89,9.27,-19.04,4.34
25,20130804,2013,H6,Astarte borealis,suspension feeder,2.73,13.59,12.76,-18.93,4.97
175,20130812,2013,H9,Astarte borealis,suspension feeder,3.31,15.4,10.39,-20.06,4.65
127,20130805,2013,UTX8,Astarte borealis,suspension feeder,3.18,16.28,12.3,-19.77,5.12
453,20120823,2012,BARC10,Boreogadus saida,predator,7.84,55.85,13.71,-22.47,4.95
327,20120813,2012,CBL11,Boreogadus saida,predator,10.07,61.19,14.43,-20.88,5.67
1469-1470,20130802,2013,CBL11,Boreogadus saida,predator,4.29,19.4,14.61,-21.44,4.41
349,20120814,2012,H10,Boreogadus saida,predator,10.96,55,15.99,-21.68,5.12
145-146,20130813,2013,H102,Boreogadus saida,predator,4.18,18.35,14.23,-17.84,4.62
401,20120817,2012,H14,Boreogadus saida,predator,10.07,57.88,14.74,-21.1,5.42
279,20120820,2012,H16,Boreogadus saida,predator,8.72,38.55,14.32,-20.79,4.84
437,20120819,2012,H19,Boreogadus saida,predator,9.56,36.58,14.95,-20.65,4.2
335,20120814,2012,H21,Boreogadus saida,predator,13.51,38.55,16.36,-20.24,4.31
361,20120815,2012,H30,Boreogadus saida,predator,10.03,38.82,14.41,-20.26,4.45
227,20120821,2012,H32,Boreogadus saida,predator,8.81,42.99,15.18,-20.96,4.62
989-990,20130810,2013,H33,Boreogadus saida,predator,4.04,14.79,14.39,-17.64,3.66
399,20120817,2012,H4,Boreogadus saida,predator,9.23,53.1,14.15,-20.3,4.53
413,20120818,2012,H5,Boreogadus saida,predator,7.68,44.53,15.07,-23.02,4.76
371,20120816,2012,H6,Boreogadus saida,predator,8.14,36.38,15.27,-19.81,4.37
387,20120816,2012,H8,Boreogadus saida,predator,9.94,48.4,14.68,-21.12,4.37
121,20130812,2013,H9,Boreogadus saida,predator,4.82,15.47,15.05,-22.35,5.13
1327-1328,20130804,2013,UTX1,Boreogadus saida,predator,4.18,18.43,15.2,-21.08,4.45
1413-1414,20130805,2013,UTX11,Boreogadus saida,predator,3.83,20.19,14.52,-19.03,4.55
1627,20130810,2013,CBL15,Buccinum sp.,predator,3.7,15.58,15.51,-17.21,4.21
133,20130813,2013,H102,Buccinum sp.,predator,3.59,15.26,16.94,-15.42,4.25
1127,20130810,2013,H107,Buccinum sp.,predator,3.35,16.86,15.56,-16.7,5.03
1179,20130807,2013,H111,Buccinum sp.,predator,4.33,18.97,14.81,-17.75,4.38
709,20130811,2013,H15,Buccinum sp.,predator,3.53,17.1,17.03,-19.27,4.84
282,20120820,2012,H16,Buccinum sp.,predator,11.33,45.02,15.43,-17.92,3.97
835,20130811,2013,H27,Buccinum sp.,predator,3.7,16.11,16.39,-16.52,4.36
803,20130811,2013,H27,Buccinum sp.,predator,3.7,15.56,14.47,-19.03,4.2
165,20130811,2013,H28,Buccinum sp.,predator,3.01,13.36,15.64,-19.09,4.44
893,20130809,2013,H29,Buccinum sp.,predator,3.47,14.51,15.64,-18.68,4.19
230,20120821,2012,H32,Buccinum sp.,predator,9.27,43.82,15.31,-18.57,4.72
125,20130812,2013,H34,Buccinum sp.,predator,3.77,18.23,15.73,-15.67,4.84
187,20130812,2013,H34,Buccinum sp.,predator,2.04,13.6,11.15,-21.2,6.66
1109,20130805,2013,H53,Buccinum sp.,predator,2.37,11.4,11.79,-14.23,4.8
623,20130804,2013,H7,Buccinum sp.,predator,3.27,16.52,16.52,-17.69,5.05
1457,20130805,2013,UTX11,Buccinum sp.,predator,3.29,14.33,13.99,-19.5,4.35
1271-1272,20130808,2013,BARC1,Byblis sp.,suspension feeder,2.39,16.74,10.79,-22.67,8.09
1287-1288,20130808,2013,BARC2,Byblis sp.,suspension feeder,1.93,18.88,11.14,-22.97,9.11
1477-1478,20130802,2013,CBL11,Byblis sp.,suspension feeder,2.45,15.55,10.76,-21.99,6.66
1577-1578,20130805,2013,CBL13,Byblis sp.,suspension feeder,1.73,18.15,10.76,-25.7,8.39
1631-1632,20130810,2013,CBL15,Byblis sp.,suspension feeder,2.63,15.23,10.91,-22.97,7.48
705-706,20130811,2013,H15,Byblis sp.,suspension feeder,0.88,21.03,13.68,-23.63,22
897-898,20130809,2013,H29,Byblis sp.,suspension feeder,1.64,12.9,10.44,-22.36,10.31
1037-1038,20130812,2013,H34,Byblis sp.,suspension feeder,1.97,16.54,10.83,-20.01,8.9
573-574,20130804,2013,H7,Byblis sp.,suspension feeder,1.37,18.88,10.59,-24.61,13.39
639-640,20130812,2013,H9,Byblis sp.,suspension feeder,3.07,19.68,11.12,-23.78,10.39
755-756,20130804,2013,H17,Bylgides sarsi,predator,3.55,13.71,13.83,-20.01,3.96
899-900,20130809,2013,H29,Bylgides sarsi,predator,3.22,15.52,13.13,-20.92,5.48
1071-1072,20130805,2013,H53,Bylgides sarsi,predator,2.89,14.74,11.74,-18.96,6.08
575-576,20130804,2013,H7,Bylgides sarsi,predator,0.85,13.4,13.06,-20.48,17.54
1295-1296,20130808,2013,BARC3,Calanus sp.,suspension feeder,2.31,20.46,12.47,-19.6,7.91
1293-1294,20130808,2013,BARC3,Calanus sp.,suspension feeder,2.39,17.97,11.34,-22.4,6.25
1299-1300,20130808,2013,BARC9,Calanus sp.,suspension feeder,2.44,14.56,10.02,-21.21,5.43
1297-1298,20130808,2013,BARC9,Calanus sp.,suspension feeder,1.73,26.55,10.17,-25.65,10.14
139,20120822,2012,BARC5,Calanus sp.,suspension feeder,5.01,38.41,11.59,-23.63,8.83
49,20120811,2012,BRS5,Calanus sp.,suspension feeder,6.76,52.3,8.76,-21,9.32
1539-1540,20130802,2013,CBL11,Calanus sp.,suspension feeder,2.78,13.52,10.69,-21.6,6.09
79,20120813,2012,CBL11,Calanus sp.,suspension feeder,3.95,50.26,10.25,-23.41,8.28
1547-1548,20130805,2013,CBL13,Calanus sp.,suspension feeder,2.29,19.11,11.1,-22.35,10.05
155,20120819,2012,H1,Calanus sp.,suspension feeder,6.51,32.7,11.21,-21.54,7.96
25,20120814,2012,H10,Calanus sp.,suspension feeder,2.65,34.54,11.1,-22.69,11.6
149-150,20130813,2013,H102,Calanus sp.,suspension feeder,2.9,24.39,9.72,-21.2,8.16
157-158,20130813,2013,H102,Calanus sp.,suspension feeder,1.87,18.73,9.16,-24.26,8.65
1133-1134,20130810,2013,H107,Calanus sp.,suspension feeder,2.26,21.79,10.26,-23.18,8.96
1131-1132,20130810,2013,H107,Calanus sp.,suspension feeder,3.46,19.33,9.45,-24.95,7.12
1173-1174,20130807,2013,H109,Calanus sp.,suspension feeder,2.07,23.13,10.25,-25.09,10.46
1181-1182,20130807,2013,H111,Calanus sp.,suspension feeder,2.15,27.23,10.9,-23.43,8.77
1215-1216,20130803,2013,H112,Calanus sp.,suspension feeder,2.67,19.32,11.39,-22.6,7.73
195,20120817,2012,H14,Calanus sp.,suspension feeder,3.42,33.59,10.57,-22.76,9.14
699-700,20130803,2013,H14,Calanus sp.,suspension feeder,0.65,24.95,10.8,-24.87,33.62
711-712,20130811,2013,H15,Calanus sp.,suspension feeder,0.86,13.25,13.46,-22.93,14.25
105,20120820,2012,H16,Calanus sp.,suspension feeder,5.26,28.72,11.4,-22.14,7.76
759-760,20130804,2013,H17,Calanus sp.,suspension feeder,2.55,19.49,11.78,-22,7.78
91,20120819,2012,H19,Calanus sp.,suspension feeder,6.05,27.89,11.39,-20.79,7.78
161,20120818,2012,H2,Calanus sp.,suspension feeder,3.16,38.34,12.24,-21.44,12.53
109,20120820,2012,H20,Calanus sp.,suspension feeder,6.09,32.56,11.65,-22.74,7.37
33,20120814,2012,H21,Calanus sp.,suspension feeder,3.24,44.4,10.72,-23.34,17.76
183,20120813,2012,H24,Calanus sp.,suspension feeder,3.9,40.71,11.77,-21.74,9.33
805-806,20130811,2013,H27,Calanus sp.,suspension feeder,1.47,23.98,11.38,-25.04,11.59
845-846,20130811,2013,H28,Calanus sp.,suspension feeder,2.81,17.92,11.28,-23.04,7.65
901-902,20130809,2013,H29,Calanus sp.,suspension feeder,1.81,20.39,10.9,-24.44,10.29
903-904,20130809,2013,H29,Calanus sp.,suspension feeder,2.07,18.24,10.53,-26.63,9.79
187,20120818,2012,H3,Calanus sp.,suspension feeder,4.06,41.58,11.85,-21.94,7.55
205,20120815,2012,H30,Calanus sp.,suspension feeder,3.19,42.12,12.45,-23.22,12.16
69,20120821,2012,H32,Calanus sp.,suspension feeder,3.7,48.14,11.67,-22.97,10.43
1039-1040,20130812,2013,H34,Calanus sp.,suspension feeder,1.94,12.43,13.72,-17.31,6.98
1,20120823,2012,H38,Calanus sp.,suspension feeder,4.76,33.79,11.53,-22.37,7.94
65,20120817,2012,H4,Calanus sp.,suspension feeder,2.39,34,10.82,-22.15,14.7
169,20120818,2012,H5,Calanus sp.,suspension feeder,5.26,25.68,11.73,-21.48,6.72
1075-1076,20130805,2013,H53,Calanus sp.,suspension feeder,2.12,16.24,12.36,-18.15,10.37
579-580,20130804,2013,H7,Calanus sp.,suspension feeder,0.87,13.41,13.3,-22.21,17.16
41,20120816,2012,H8,Calanus sp.,suspension feeder,2.6,42.32,11.6,-23.28,16.55
645-646,20130812,2013,H9,Calanus sp.,suspension feeder,1.95,14.85,13.12,-22.51,8.27
1331-1332,20130804,2013,UTX1,Calanus sp.,suspension feeder,3.28,20,11.62,-23.22,6.77
1417-1418,20130805,2013,UTX11,Calanus sp.,suspension feeder,1.92,19.76,11.17,-21.33,8.32
1369-1370,20130805,2013,UTX8,Calanus sp.,suspension feeder,3.04,17.07,10.79,-21.01,7.66
657-658,20130812,2013,H9,Carbasea carbasea,suspension feeder,1.67,11.09,11.91,-21.32,6.34
1633-1634,20130810,2013,CBL15,Chionoecetes opilio,scavenger/omnivore,1.48,13.45,12.38,-20.71,12.21
195-196,20130813,2013,H102,Chionoecetes opilio,scavenger/omnivore,0.93,16.68,12.44,-21.2,16.77
1135-1136,20130810,2013,H107,Chionoecetes opilio,scavenger/omnivore,1.5,15.46,12.39,-20.67,11.03
713-714,20130811,2013,H15,Chionoecetes opilio,scavenger/omnivore,3.59,14.21,15.26,-21.34,5.27
761-762,20130804,2013,H17,Chionoecetes opilio,scavenger/omnivore,0.95,11.84,13.48,-20.24,12.5
809-810,20130811,2013,H27,Chionoecetes opilio,scavenger/omnivore,1.4,14.97,14.4,-21.05,10.1
847-848,20130811,2013,H28,Chionoecetes opilio,scavenger/omnivore,1.14,9.77,15.02,-20.91,6.29
905-906,20130809,2013,H29,Chionoecetes opilio,scavenger/omnivore,1.22,12.4,14.39,-21.65,11.97
965-966,20130809,2013,H32,Chionoecetes opilio,scavenger/omnivore,1.4,14.56,14,-18.98,8.38
991-992,20130810,2013,H33,Chionoecetes opilio,scavenger/omnivore,1.36,16.1,12.9,-19,13.83
1041-1042,20130812,2013,H34,Chionoecetes opilio,scavenger/omnivore,1.55,9.39,13.38,-17.89,9.58
581-582,20130804,2013,H7,Chionoecetes opilio,scavenger/omnivore,1.5,12.09,14.05,-20.81,9.51
649-650,20130812,2013,H9,Chionoecetes opilio,scavenger/omnivore,1.3,19.89,14.41,-22.57,14.65
1335,20130804,2013,UTX1,Chionoecetes opilio,scavenger/omnivore,3.22,13.01,14.66,-18.49,4.05
283,20120820,2012,H16,Chiridota sp.,suspension feeder,3.5,30.78,13.24,-21.84,7.07
288,20120820,2012,H16,Ciliatocardium ciliatum,subsurface deposit feeder,4.91,30.22,10.16,-20.25,6.15
47,20130809,2013,H29,Ciliatocardium ciliatum,subsurface deposit feeder,3.57,17.19,10.51,-20.14,4.81
31,20130804,2013,H6,Ciliatocardium ciliatum,subsurface deposit feeder,2.57,12.2,10.67,-19.71,4.75
1137-1138,20130810,2013,H107,Cistenides sp.,subsurface deposit feeder,1.19,7.54,13.12,-20.52,7.16
285,20120820,2012,H16,Cistenides sp.,subsurface deposit feeder,4.97,13.58,13.66,-21.23,3.38
1043-1044,20130812,2013,H34,Cistenides sp.,subsurface deposit feeder,4.13,16.23,16.01,-16.91,4.31
1077-1078,20130805,2013,H53,Cistenides sp.,subsurface deposit feeder,4.03,16.97,16.22,-19.71,3.37
535-536,20130804,2013,H6,Cistenides sp.,subsurface deposit feeder,0.65,4.33,15.37,-20.35,5.59
585-586,20130804,2013,H7,Cistenides sp.,subsurface deposit feeder,2.8,10.73,14.7,-21.11,4.42
1419-1420,20130805,2013,UTX11,Cistenides sp.,subsurface deposit feeder,2.52,12.41,13.16,-22.73,4.29
1371-1372,20130805,2013,UTX8,Cistenides sp.,subsurface deposit feeder,1.14,10.5,13.68,-20.27,11.28
1309,20130808,2013,BARC10,Crangon sp.,scavenger/omnivore,4.88,19.02,16.71,-18.56,3.9
1141,20130810,2013,H107,Crangon sp.,scavenger/omnivore,4.25,18.18,16.02,-18.68,4.28
715-716,20130811,2013,H15,Crangon sp.,scavenger/omnivore,3.18,21.02,15.55,-19.97,5.62
813,20130811,2013,H27,Crangon sp.,scavenger/omnivore,4.42,16.43,16.09,-17.74,3.72
849,20130811,2013,H28,Crangon sp.,scavenger/omnivore,4.8,6.59,16.26,-19.6,1.37
907,20130809,2013,H29,Crangon sp.,scavenger/omnivore,3.21,12.52,16.22,-19.52,3.9
967,20130809,2013,H32,Crangon sp.,scavenger/omnivore,3.43,13.17,16.36,-18.67,3.83
993,20130810,2013,H33,Crangon sp.,scavenger/omnivore,3.12,13.05,16.18,-18.85,4.19
1045,20130812,2013,H34,Crangon sp.,scavenger/omnivore,2.73,11.95,13.67,-18.68,4.38
1079,20130805,2013,H53,Crangon sp.,scavenger/omnivore,3.66,17.72,12.58,-15.37,4.84
1549-1550,20130805,2013,CBL13,Crossaster papposus,predator,1.98,16.76,18.44,-23.01,8.77
1597-1598,20130807,2013,CBL14,Crossaster papposus,predator,1.24,22.02,17.18,-20.53,12.71
217-218,20130813,2013,H102,Crossaster papposus,predator,1.49,23.16,17.18,-19.69,16.22
1223-1224,20130803,2013,H112,Crossaster papposus,predator,1.97,19.1,19.02,-17.78,8.66
1273,20130808,2013,BARC1,Cryptonatica affinis,predator,3.3,14.19,10.66,-19.74,4.31
1479,20130802,2013,CBL11,Cryptonatica affinis,predator,3.34,18.78,16.24,-19.98,5.61
1635,20130810,2013,CBL15,Cryptonatica affinis,predator,3.92,16.63,12.25,-18.45,4.24
135,20130813,2013,H102,Cryptonatica affinis,predator,4.07,17.17,14.05,-15.55,4.22
1143,20130810,2013,H107,Cryptonatica affinis,predator,4.76,21.43,12.71,-18.43,4.5
1221,20130803,2013,H112,Cryptonatica affinis,predator,3.85,16.78,12.41,-18.2,4.36
717,20130811,2013,H15,Cryptonatica affinis,predator,0.81,9.73,12.72,-19.37,11.96
290,20120820,2012,H16,Cryptonatica affinis,predator,9.55,41.16,12.74,-18.55,4.31
,20130813,2013,H27,Cryptonatica affinis,predator,3.3,14.86,13.14,-19.37,4.5
123,20130811,2013,H28,Cryptonatica affinis,predator,3.26,13.98,13.13,-20.07,4.29
909,20130809,2013,H29,Cryptonatica affinis,predator,3.19,12.71,14.47,-19.04,3.98
232,20120821,2012,H32,Cryptonatica affinis,predator,9.91,42.16,13.68,-18.96,4.26
995,20130810,2013,H33,Cryptonatica affinis,predator,3.65,17.33,12.13,-19.09,4.74
185,20130812,2013,H34,Cryptonatica affinis,predator,3.53,15.65,12.64,-15.28,4.44
1083,20130805,2013,H53,Cryptonatica affinis,predator,2.85,12.95,12.74,-15.83,4.55
511,20130804,2013,H6,Cryptonatica affinis,predator,3.88,14.98,14.69,-16.72,3.86
587,20130804,2013,H7,Cryptonatica affinis,predator,0.78,20.73,11.98,-19.12,26.56
651,20130812,2013,H9,Cryptonatica affinis,predator,2.44,11.53,13.31,-19.71,4.73
1337,20130804,2013,UTX1,Cryptonatica affinis,predator,3.4,15.14,14.26,-17.36,4.46
1423,20130805,2013,UTX11,Cryptonatica affinis,predator,3.32,14.96,12.01,-18.37,4.5
1373,20130805,2013,UTX8,Cryptonatica affinis,predator,3.61,17.06,12.81,-18.11,4.73
1303-1304,20130808,2013,BARC10,Ctenodiscus crispatus,surface deposit feeder,1.41,6.16,15.04,-21.32,4.01
1483-1484,20130802,2013,CBL11,Ctenodiscus crispatus,surface deposit feeder,1.09,27.07,15.09,-21.09,20.52
199-200,20130813,2013,H102,Ctenodiscus crispatus,surface deposit feeder,0.92,20.67,12.94,-21.92,22.72
1227-1228,20130803,2013,H112,Ctenodiscus crispatus,surface deposit feeder,0.74,19.3,14.33,-20.43,26.66
291,20120820,2012,H16,Ctenodiscus crispatus,surface deposit feeder,4.39,39.76,13.11,-22.24,9.6
917-918,20130809,2013,H29,Ctenodiscus crispatus,surface deposit feeder,0.64,17.35,14.25,-23,26.09
233,20120821,2012,H32,Ctenodiscus crispatus,surface deposit feeder,2.9,39.36,12.35,-23.83,14.24
294,20120820,2012,H16,Cyclocardia crebricostata,suspension feeder,7.06,34.87,11.85,-19.5,4.94
1,20130804,2013,H17,Cyclocardia crebricostata,suspension feeder,2.59,11.8,12.1,-18.84,4.56
33,20130804,2013,H6,Cyclocardia crebricostata,suspension feeder,3.46,15.68,12.54,-18.61,4.54
1487,20130802,2013,CBL11,Ennucula tenuis,surface deposit feeder,3.01,12.74,9.8,-18.6,4.23
65,20130805,2013,CBL11,Ennucula tenuis,surface deposit feeder,4.27,18.98,10.12,-18.7,4.44
215,20130813,2013,H102,Ennucula tenuis,surface deposit feeder,3.25,15.16,9.6,-19.52,4.67
3,20130807,2013,H109,Ennucula tenuis,surface deposit feeder,3.36,14.14,9.5,-17.33,4.2
73,20130807,2013,H111,Ennucula tenuis,surface deposit feeder,3.02,12.49,9.84,-19.29,4.14
1235,20130803,2013,H112,Ennucula tenuis,surface deposit feeder,4.05,17.13,9.34,-18.85,4.23
1234,20130803,2013,H112,Ennucula tenuis,surface deposit feeder,2.97,16.07,9.72,-20.25,5.42
191,20130811,2013,H15,Ennucula tenuis,surface deposit feeder,3.37,14.02,11.59,-20.05,4.15
81,20130804,2013,H17,Ennucula tenuis,surface deposit feeder,2.5,15.31,10.04,-19.62,6.12
157,20130811,2013,H27,Ennucula tenuis,surface deposit feeder,3,12.74,11.14,-20.57,4.25
235,20130811,2013,H28,Ennucula tenuis,surface deposit feeder,3.47,17.94,9.95,-19.11,5.17
11,20130809,2013,H32,Ennucula tenuis,surface deposit feeder,3,13.57,9.93,-19.65,4.53
235,20120821,2012,H32,Ennucula tenuis,surface deposit feeder,5.59,36.51,10.32,-21.12,6.14
29,20130810,2013,H33,Ennucula tenuis,surface deposit feeder,3.88,17.21,9.04,-19.38,4.44
25,20130810,2013,H33,Ennucula tenuis,surface deposit feeder,3.74,16.05,8.83,-19.7,4.29
111,20130805,2013,H53,Ennucula tenuis,surface deposit feeder,2.44,13.63,10.07,-18.58,5.59
29,20130804,2013,H6,Ennucula tenuis,surface deposit feeder,4.02,20.54,9.48,-18.72,5.11
139,20130805,2013,UTX8,Ennucula tenuis,surface deposit feeder,3.13,17.98,9.66,-20.21,5.75
295,20120820,2012,H16,Eucratea loricata,suspension feeder,3.26,29.13,12.07,-22.31,7.81
1237-1238,20130803,2013,H112,Eunoe nodosa,predator,3.59,20.59,15.43,-19.65,5.05
1431-1432,20130805,2013,UTX11,Eunoe nodosa,predator,3.03,19.63,14.94,-19.67,5.13
1499,20130802,2013,CBL11,Euspira sp.,scavenger/omnivore,3.78,17.4,13.69,-17.57,4.6
155,20130813,2013,H102,Euspira sp.,scavenger/omnivore,3.12,17.14,12.48,-17.39,5.5
169,20130811,2013,H28,Euspira sp.,scavenger/omnivore,3.3,15.03,12.45,-20.24,4.55
929,20130809,2013,H29,Euspira sp.,scavenger/omnivore,2.94,13.73,14.19,-19.69,4.67
975,20130809,2013,H32,Euspira sp.,scavenger/omnivore,3.7,17.54,12.5,-19.36,4.74
1085,20130805,2013,H53,Euspira sp.,scavenger/omnivore,2.85,14.53,13.87,-15.45,5.09
519,,,H6,Euspira sp.,scavenger/omnivore,3.85,16.94,13.68,-18.12,4.4
1379,20130805,2013,UTX8,Euspira sp.,scavenger/omnivore,2.85,12.56,12.91,-18.36,4.4
1183-1184,20130807,2013,H111,Flustra sp.,suspension feeder,1.2,11.34,12.13,-20.19,10.03
1437-1438,20130805,2013,UTX11,Flustra sp.,suspension feeder,1.17,8.56,13.59,-20.38,7.93
1277-1278,20130808,2013,BARC1,Gersemia rubiformis,predator,1.26,17.52,12.5,-21.38,12.57
1599-1600,20130807,2013,CBL14,Gersemia rubiformis,predator,1.94,16.36,12.82,-22.55,10.51
1147-1148,20130810,2013,H107,Gersemia rubiformis,predator,1.78,26.53,11.63,-23.23,13.93
1185-1186,20130807,2013,H111,Gersemia rubiformis,predator,1.61,20.51,13.78,-20.25,11.91
237,20120821,2012,H32,Gersemia rubiformis,predator,3.82,51.71,11.21,-23.46,10.08
1427-1428,20130805,2013,UTX11,Gersemia rubiformis,predator,1.95,19.27,12.63,-21.55,10.83
1489-1490,20130802,2013,CBL11,Golfingia margaritacea,surface deposit feeder,3.77,20.04,14.03,-17.21,5.15
1187-1188,20130807,2013,H111,Golfingia margaritacea,surface deposit feeder,2.68,17.32,11.11,-19.68,4.6
1239,20130803,2013,H112,Golfingia margaritacea,surface deposit feeder,4.76,16.52,14.24,-15.62,3.47
297,20120820,2012,H16,Golfingia margaritacea,surface deposit feeder,1.2,18.16,12.79,-20.93,10.07
589-590,20130804,2013,H7,Golfingia margaritacea,surface deposit feeder,0.78,17.56,12.01,-19.73,16.35
1553-1554,20130805,2013,CBL13,Hyas coarctatus,scavenger/omnivore,1.77,12.87,13.83,-20.85,8.12
1601,20130807,2013,CBL14,Hyas coarctatus,scavenger/omnivore,3.82,20.74,15.04,-20.77,5.43
1641,20130810,2013,CBL15,Hyas coarctatus,scavenger/omnivore,1.32,7.75,12.91,-15.22,5.87
1243-1244,20130803,2013,H112,Hyas coarctatus,scavenger/omnivore,1.42,13.03,14.96,-19.61,9.2
299,20120820,2012,H16,Hyas coarctatus,scavenger/omnivore,3.71,30.44,12.72,-21.88,9.69
815-816,20130811,2013,H27,Hyas coarctatus,scavenger/omnivore,1.76,15.81,15.14,-20,7.93
853-854,20130811,2013,H28,Hyas coarctatus,scavenger/omnivore,0.8,9.77,12.17,-20.91,10.81
593-594,20130804,2013,H7,Hyas coarctatus,scavenger/omnivore,0.77,13.44,11.76,-20.97,18.44
659-660,20130806,2013,H9,Hyas coarctatus,scavenger/omnivore,1.99,14.23,13.61,-21.53,9.86
1493-1494,20130802,2013,CBL11,Hydrozoa sp.,suspension feeder,2.42,16.03,12.67,-20.61,6.18
1551-1552,20130805,2013,CBL13,Hydrozoa sp.,suspension feeder,2.27,18.87,12.95,-19.72,9.12
1245-1246,20130803,2013,H112,Hydrozoa sp.,suspension feeder,2.95,15.46,12.33,-19.67,5.64
721-722,20130811,2013,H15,Hydrozoa sp.,suspension feeder,0.89,18.42,13.88,-20.99,13.92
767-768,20130804,2013,H17,Hydrozoa sp.,suspension feeder,2.41,17.68,13.15,-20.08,6.81
817-818,20130811,2013,H27,Hydrozoa sp.,suspension feeder,1.19,13.26,12.67,-20.62,11.5
855-856,20130811,2013,H28,Hydrozoa sp.,suspension feeder,0.71,11.3,13.27,-20.47,14.14
921-922,20130809,2013,H29,Hydrozoa sp.,suspension feeder,1.96,13.71,12.85,-21.26,6.43
515-516,20130804,2013,H6,Hydrozoa sp.,suspension feeder,2.06,13.51,12.43,-20.66,6.9
595-596,20130804,2013,H7,Hydrozoa sp.,suspension feeder,1.49,16.05,12.44,-20.83,8.22
661-662,20130806,2013,H9,Hydrozoa sp.,suspension feeder,1.19,13.12,12.93,-22.08,9.49
1433-1434,20130805,2013,UTX11,Hydrozoa sp.,suspension feeder,3.04,18.53,12.44,-20.13,6.29
200,20130810,2013,composite,Ice Algae,end-member,1.32,11.71,9.42,-20.51,8.86
216,20130810,2013,Iceberg,Ice Algae,end-member,1.05,12.44,9.84,-18.85,11.81
208,20130810,2013,Iceberg,Ice Algae,end-member,1.37,10.97,9.91,-21.14,8.03
204,20130810,2013,Iceberg,Ice Algae,end-member,1.1,9.86,9.5,-21.23,8.94
212,20130810,2013,Iceberg,Ice Algae,end-member,1.18,10.11,9.48,-21.39,8.56
1495-1496,20130802,2013,CBL11,Leptasterias groenlandica,scavenger/omnivore,2.09,22.34,13.61,-19.77,8.82
1643-1644,20130810,2013,CBL15,Leptasterias groenlandica,scavenger/omnivore,2.48,22.98,11.6,-22.04,8.8
1149-1150,20130810,2013,H107,Leptasterias groenlandica,scavenger/omnivore,2.56,22.73,11.8,-20.87,8.67
1151-1152,20130810,2013,H107,Leptasterias groenlandica,scavenger/omnivore,2.35,20.59,11.79,-21.34,8.57
723-724,20130811,2013,H15,Leptasterias groenlandica,scavenger/omnivore,0.88,17.64,13.68,-21.13,19.51
857-858,20130811,2013,H28,Leptasterias groenlandica,scavenger/omnivore,2.32,18.9,13.54,-22.21,8.93
927-928,20130809,2013,H29,Leptasterias groenlandica,scavenger/omnivore,1.49,17.84,15.21,-20.4,14.77
969-970,20130809,2013,H32,Leptasterias groenlandica,scavenger/omnivore,2.1,19.5,12.74,-15.53,13.78
239,20120821,2012,H32,Leptasterias groenlandica,scavenger/omnivore,4.84,48.27,13.27,-21.47,11.43
1003-1004,20130810,2013,H33,Leptasterias groenlandica,scavenger/omnivore,2.22,16,12.08,-15.72,10.24
517-518,20130804,2013,H6,Leptasterias groenlandica,scavenger/omnivore,2.54,19.75,14.89,-18.86,8.65
1341-1342,20130804,2013,UTX1,Leptasterias groenlandica,scavenger/omnivore,1.68,18.05,14.27,-20.4,9.58
1435-1436,20130805,2013,UTX11,Leptasterias groenlandica,scavenger/omnivore,1.62,21.02,12.91,-21.39,11.78
159,20130811,2013,H27,Liocyma fluctuosa,suspension feeder,3.73,15.3,10.65,-20.14,4.1
242,20120821,2012,H32,Liocyma fluctuosa,suspension feeder,6.74,29.14,11.35,-19.99,4.32
13,20130809,2013,H32,Liocyma fluctuosa,suspension feeder,2.97,13.38,10.94,-20.08,4.51
5,20130810,2013,H33,Liocyma fluctuosa,suspension feeder,2.97,14.37,9.88,-20.38,4.84
113,20130805,2013,H53,Liocyma fluctuosa,suspension feeder,2.46,12.36,10.07,-20.45,5.02
37,20130804,2013,H6,Liocyma fluctuosa,suspension feeder,2.8,13.42,10.74,-20.2,4.78
181,20130812,2013,H9,Liocyma fluctuosa,suspension feeder,3.53,14.35,9.84,-18.85,4.07
1503-1504,20130802,2013,CBL11,Lycodes sp.,predator,3.26,15.56,16.15,-19.37,4.98
115,20130805,2013, H53,Macoma sp.,surface deposit feeder,3.26,16.1,9.99,-19.79,4.95
71,20130808,2013,BARC10,Macoma sp.,surface deposit feeder,2.99,13.95,10.58,-19.92,4.66
334,20120813,2012,CBL11,Macoma sp.,surface deposit feeder,6.3,30.35,8.86,-18.4,4.82
67,20130805,2013,CBL11,Macoma sp.,surface deposit feeder,3.29,17.45,9.73,-18.88,5.3
1511,20130802,2013,CBL11,Macoma sp.,surface deposit feeder,3.51,17,9.42,-18.93,4.85
1510,20130802,2013,CBL11,Macoma sp.,surface deposit feeder,2.77,15.26,9.66,-20.51,5.51
382,20120824,2012,CBL15,Macoma sp.,surface deposit feeder,7.65,37.41,9.18,-19.46,4.89
434,20120819,2012,H1,Macoma sp.,surface deposit feeder,7.37,39.69,9.69,-19.4,5.38
348,20120814,2012,H10,Macoma sp.,surface deposit feeder,8.13,40.09,10.1,-18.31,4.93
5,20130807,2013,H109,Macoma sp.,surface deposit feeder,2.32,11.35,9.95,-19.46,4.9
75,20130807,2013,H111,Macoma sp.,surface deposit feeder,2.59,11.74,10.19,-19.2,4.54
1249,20130803,2013,H112,Macoma sp.,surface deposit feeder,2.8,14.04,10.72,-18.39,5.02
304,20120820,2012,H16,Macoma sp.,surface deposit feeder,7.26,34.26,9.87,-19.2,4.72
302,20120820,2012,H16,Macoma sp.,surface deposit feeder,7.49,33.86,9.87,-19.35,4.52
83,20130804,2013,H17,Macoma sp.,surface deposit feeder,3.17,13.76,10.93,-19.55,4.33
444,20120819,2012,H19,Macoma sp.,surface deposit feeder,8.25,40.29,9.35,-18.86,4.89
410,20120818,2012,H2,Macoma sp.,surface deposit feeder,9.31,46.08,10.13,-18.29,4.95
340,20120814,2012,H21,Macoma sp.,surface deposit feeder,7.69,35.13,9.53,-18.5,4.57
161,20130811,2013,H27,Macoma sp.,surface deposit feeder,4.29,19.1,9.97,-19.89,4.45
237,20130811,2013,H28,Macoma sp.,surface deposit feeder,3.93,17.51,10.84,-19.08,4.45
51,20130809,2013,H29,Macoma sp.,surface deposit feeder,3.15,14.38,10.58,-19.11,4.56
418,20120819,2012,H3,Macoma sp.,surface deposit feeder,6.46,33.59,9.71,-19.31,5.2
358,20120815,2012,H30,Macoma sp.,surface deposit feeder,3.44,18.94,13.56,-14.58,5.51
246,20120821,2012,H32,Macoma sp.,surface deposit feeder,7.3,29.95,11.53,-19.19,4.11
15,20130809,2013,H32,Macoma sp.,surface deposit feeder,3.5,18.01,11.01,-19.66,5.15
244,20120821,2012,H32,Macoma sp.,surface deposit feeder,9.08,40.76,10.58,-19.7,4.49
17,20130809,2013,H32,Macoma sp.,surface deposit feeder,2.84,14.19,9.74,-19.87,5
1,20130810,2013,H33,Macoma sp.,surface deposit feeder,2.72,13.45,9.93,-19.01,4.95
7,20130810,2013,H33,Macoma sp.,surface deposit feeder,3.07,15.82,9.3,-19.18,5.16
203,20130812,2013,H34,Macoma sp.,surface deposit feeder,2.93,14.68,9.75,-18.54,5.02
466,20120824,2012,H37,Macoma sp.,surface deposit feeder,10.34,52.88,9.52,-19.94,5.11
460,20120823,2012,H38,Macoma sp.,surface deposit feeder,7.18,33.05,9.46,-19.52,4.61
396,20120817,2012,H4,Macoma sp.,surface deposit feeder,5.23,27.85,9.54,-18.6,5.33
370,20120816,2012,H6,Macoma sp.,surface deposit feeder,6.9,29.75,9.54,-18.76,4.31
183,20130812,2013,H9,Macoma sp.,surface deposit feeder,4.26,17.51,11.85,-20.47,4.11
141,20130805,2013,UTX8,Macoma sp.,surface deposit feeder,3.33,16.4,10.5,-20.67,4.93
1555-1556,20130805,2013,CBL13,Maldane sarsi,subsurface deposit feeder,3.01,15.59,15.08,-20.83,6.52
247,20120821,2012,H32,Maldane sarsi,subsurface deposit feeder,5.72,16.47,14.84,-20.86,3.89
1557,20130805,2013,CBL13,Margarites sp.,surface deposit feeder,3.92,17.22,12.1,-19.11,4.4
1646,20130810,2013,CBL15,Margarites sp.,surface deposit feeder,2.97,17.49,11.83,-19.3,5.9
151,20130813,2013,H102,Margarites sp.,surface deposit feeder,3.68,16.59,12.6,-16.83,4.51
819,20130811,2013,H27,Margarites sp.,surface deposit feeder,3.28,16.22,12.58,-19.47,4.94
971,20130809,2013,H32,Margarites sp.,surface deposit feeder,2.31,14.74,11.27,-18.75,6.38
1005,20130810,2013,H33,Margarites sp.,surface deposit feeder,2.96,18.46,10.55,-18.35,6.24
181,20130812,2013,H34,Margarites sp.,surface deposit feeder,2.51,12.03,11.35,-16.18,4.79
1111,20130805,2013,H53,Margarites sp.,surface deposit feeder,3.2,18.3,11.54,-17.59,5.71
665,20130806,2013,H9,Margarites sp.,surface deposit feeder,2.93,14.94,12.59,-19.86,5.09
250,20120821,2012,H32,Musculus niger,suspension feeder,9.04,40.82,12.26,-20.11,4.52
1559,20130805,2013,CBL13,Nemertes sp.,predator,3.06,16.09,14.72,-20.67,5.26
1193,20130807,2013,H111,Nemertes sp.,predator,2.85,16.05,13.2,-20.93,5.63
773-774,20130804,2013,H17,Nemertes sp.,predator,4.13,17.05,15.98,-18.3,4.73
251,20120821,2012,H32,Nemertes sp.,predator,9.56,48.93,13.65,-21.6,4.54
331,20120813,2012,CBL11,Nephtys caeca,predator,7.05,52.3,16.66,-17.8,6.13
343,20120814,2012,H21,Nephtys caeca,predator,7.34,50.85,16.44,-17.46,6.28
355,20120815,2012,H30,Nephtys caeca,predator,9.65,39.63,17.88,-18.93,5.46
397,20120817,2012,H4,Nephtys caeca,predator,8.64,46.14,17.62,-20.01,5.46
1289-1290,20130808,2013,BARC2,Nephtys ciliata,predator,3.41,42.07,12.46,-21.73,13.23
1519-1520,20130802,2013,CBL11,Nephtys ciliata,predator,2.63,18.39,14.42,-19.23,6.11
431,20120819,2012,H1,Nephtys ciliata,predator,8.76,39.02,12.93,-20.06,5.42
351,20120814,2012,H10,Nephtys ciliata,predator,10.07,38.21,14.62,-18.81,4.78
219-220,20130813,2013,H102,Nephtys ciliata,predator,3.63,18.27,14.49,-20.95,4.73
1175-1176,20130807,2013,H109,Nephtys ciliata,predator,2.39,17.31,13.81,-20.22,6.57
1195-1196,20130807,2013,H111,Nephtys ciliata,predator,2.57,21.27,14.15,-20.01,6.16
1247-1248,20130803,2013,H112,Nephtys ciliata,predator,3.43,18.97,17.63,-18.21,5.63
727-728,20130811,2013,H15,Nephtys ciliata,predator,0.91,19.54,14.17,-21,18.14
771-772,20130804,2013,H17,Nephtys ciliata,predator,3.79,13.92,14.08,-19.15,5.14
411,20120818,2012,H2,Nephtys ciliata,predator,6.05,41.99,15.6,-21.02,6.8
449,20120820,2012,H20,Nephtys ciliata,predator,7.76,53.95,14.19,-21.01,6.27
345,20120814,2012,H21,Nephtys ciliata,predator,7.38,35.97,13.66,-19.3,5.8
823-824,20130811,2013,H27,Nephtys ciliata,predator,3.24,18.74,16.2,-19.26,5.9
937-938,20130809,2013,H29,Nephtys ciliata,predator,3.95,19.06,14.26,-20.77,5.12
253,20120821,2012,H32,Nephtys ciliata,predator,10.07,47.6,14.62,-20.45,4.69
254,20120821,2012,H32,Nephtys ciliata,predator,6.71,47.6,14.18,-20.45,5.41
1009-1010,20130810,2013,H33,Nephtys ciliata,predator,3.02,16.55,13.87,-16.07,6.02
1049-1050,20130812,2013,H34,Nephtys ciliata,predator,1.34,15.2,10.99,-19.88,10.47
463,20120824,2012,H37,Nephtys ciliata,predator,6.09,42.46,13.79,-20.77,7.18
415,20120818,2012,H5,Nephtys ciliata,predator,9.14,53.75,14.79,-21.03,5.79
375,20120816,2012,H6,Nephtys ciliata,predator,5.43,35.22,15.63,-19.87,6.11
673-674,20130806,2013,H9,Nephtys ciliata,predator,2.54,8.67,14.2,-19.89,3.69
423,20120822,2012,BARC5,Nephyts ciliata ,predator,6.71,44.33,14.31,-18.93,5.08
426,20120822,2012,BARC5,Neptunea sp.,predator,9.12,36.61,16.19,-17.99,4.02
330,20120813,2012,CBL11,Neptunea sp.,predator,10.5,48.79,16.1,-16.32,4.65
1517,20130802,2013,CBL11,Neptunea sp.,predator,3.76,18.01,16.03,-16.52,4.78
384,20120824,2012,CBL15,Neptunea sp.,predator,8.21,36.14,14.77,-17.96,4.4
1647,20130810,2013,CBL15,Neptunea sp.,predator,4.38,20.28,13.5,-19.23,4.63
1153,20130810,2013,H107,Neptunea sp.,predator,5.19,26.28,12.97,-18.66,5.06
1197,20130807,2013,H111,Neptunea sp.,predator,2.83,14.61,15,-18.32,5.15
404,20120817,2012,H14,Neptunea sp.,predator,9.79,42.22,14.93,-18.12,4.31
308,20120820,2012,H16,Neptunea sp.,predator,7.65,35.27,15.13,-18.57,4.61
440,20120819,2012,H19,Neptunea sp.,predator,7.93,34.8,14.02,-17.97,4.39
448,20120820,2012,H20,Neptunea sp.,predator,7.85,34.13,15.48,-18.21,4.35
338,20120814,2012,H21,Neptunea sp.,predator,7.73,35.54,15.84,-16.69,4.6
161,20130811,2013,H28,Neptunea sp.,predator,3.55,17.72,13.87,-19.74,4.99
863,20130811,2013,H28,Neptunea sp.,predator,2.86,18.9,16.61,-22.21,5.41
939,20130809,2013,H29,Neptunea sp.,predator,3.79,18.56,16.65,-18.33,4.89
420,20120819,2012,H3,Neptunea sp.,predator,9.12,40.09,14.13,-18.85,4.4
364,20120815,2012,H30,Neptunea sp.,predator,9.87,44.88,16.07,-16.87,4.55
1011,20130810,2013,H33,Neptunea sp.,predator,2.94,14.73,15.12,-15.52,5.01
458,20120823,2012,H38,Neptunea sp.,predator,9.08,43.35,15.53,-18.04,4.78
392,20120817,2012,H4,Neptunea sp.,predator,6.94,29.81,15.38,-16.9,4.3
1087,20130805,2013,H53,Neptunea sp.,predator,1.31,9.49,11.3,-17.42,7.25
368,20120816,2012,H6,Neptunea sp.,predator,7.81,34.4,16.4,-17.34,4.4
523,20130804,2013,H6,Neptunea sp.,predator,3.54,17,16.76,-17.45,4.8
671,20130806,2013,H9,Neptunea sp.,predator,2.48,11.85,16.65,-19.37,4.78
1347,20130804,2013,UTX1,Neptunea sp.,predator,3.9,15.53,17.3,-17.16,3.98
1345,20130804,2013,UTX1,Neptunea sp.,predator,4.43,20.08,15.64,-17.56,4.53
1387,20130805,2013,UTX8,Neptunea sp.,predator,4.05,17.03,14.51,-17.41,4.2
1385,20130805,2013,UTX8,Neptunea sp.,predator,3.27,14.69,16.45,-18.14,4.5
1515,20130802,2013,CBL11,Nuculana pernula,surface deposit feeder,3,12,9.86,-18.54,4
217,20130813,2013,H102,Nuculana pernula,surface deposit feeder,3.11,14.45,9.75,-19.3,4.65
193,20130811,2013,H15,Nuculana pernula,surface deposit feeder,4.55,18.06,10.22,-20.4,3.97
310,20120820,2012,H16,Nuculana pernula,surface deposit feeder,7.22,32.11,10.25,-19.59,4.45
87,20130804,2013,H17,Nuculana pernula,surface deposit feeder,2.92,13.78,10.84,-20.14,4.71
163,20130811,2013,H27,Nuculana pernula,surface deposit feeder,3.65,18.25,10.22,-19.81,5
239,20130811,2013,H28,Nuculana pernula,surface deposit feeder,2.66,13.03,10.53,-20.1,4.89
19,20130809,2013,H32,Nuculana pernula,surface deposit feeder,4.24,17.51,10.8,-19.62,4.13
256,20120821,2012,H32,Nuculana pernula,surface deposit feeder,7.02,30.15,10.18,-20.36,4.3
13,20130810,2013,H33,Nuculana pernula,surface deposit feeder,2.97,12.86,10.17,-19.92,4.33
39,20130804,2013,H6,Nuculana pernula,surface deposit feeder,3.05,13.02,10.56,-18.79,4.27
145,20130805,2013,UTX8,Nuculana pernula,surface deposit feeder,4.12,17.86,8.84,-20.08,4.33
1561-1562,20130805,2013,CBL13,Ocnus glacialis,suspension feeder,1.7,14.88,11.66,-21.17,10.62
1603-1604,20130807,2013,CBL14,Ocnus glacialis,suspension feeder,1.44,17.37,11.06,-23.85,14.14
311,20120820,2012,H16,Ocnus glacialis,suspension feeder,3.56,39.09,10.52,-24.06,8.64
1051-1052,20130812,2013,H34,Ocnus glacialis,suspension feeder,0.69,13.25,12.85,-16.07,19.57
1091-1092,20130805,2013,H53,Ocnus glacialis,suspension feeder,0.67,15.9,13.55,-15.71,20.8
599-600,20130804,2013,H7,Ocnus glacialis,suspension feeder,1.61,16.74,11.07,-23.35,8.76
1441-1442,20130805,2013,UTX11,Ocnus glacialis,suspension feeder,1.05,16.89,11.46,-23.42,15.2
1565-1566,20130805,2013,CBL13,Ophiura sarsii,surface deposit feeder,0.55,17.43,15.35,-23.76,42.7
1159-1160,20130810,2013,H107,Ophiura sarsii,surface deposit feeder,0.79,16.12,15.51,-18.33,19.14
1199-1200,20130807,2013,H111,Ophiura sarsii,surface deposit feeder,0.58,17.18,13.68,-18.69,25.17
731-732,20130811,2013,H15,Ophiura sarsii,surface deposit feeder,0.86,18.08,13.46,-19.97,18.18
313,20120820,2012,H16,Ophiura sarsii,surface deposit feeder,1.29,35.77,13.94,-19.03,35.95
775-776,20130804,2013,H17,Ophiura sarsii,surface deposit feeder,0.43,12.98,13.5,-19.03,22.06
865-866,20130811,2013,H28,Ophiura sarsii,surface deposit feeder,0.5,18.45,12.96,-20.51,42.78
943-944,20130809,2013,H29,Ophiura sarsii,surface deposit feeder,0.92,16.55,12.53,-20.94,24.87
973-974,20130809,2013,H32,Ophiura sarsii,surface deposit feeder,0.41,22.21,15.03,-19.99,40.84
1013-1014,20130810,2013,H33,Ophiura sarsii,surface deposit feeder,0.56,16.54,12.23,-17.34,29.01
1053-1054,20130812,2013,H34,Ophiura sarsii,surface deposit feeder,3.38,18.45,16.41,-16.63,8.31
1095-1096,20130805,2013,H53,Ophiura sarsii,surface deposit feeder,4.04,15.73,14.58,-16.62,4.08
1349-1350,20130804,2013,UTX1,Ophiura sarsii,surface deposit feeder,0.87,18.12,14.85,-18.58,19.75
1443-1444,20130805,2013,UTX11,Ophiura sarsii,surface deposit feeder,0.61,16.06,14.92,-19.21,31.26
456,20120823,2012,BARC10,Pagurus sp.,scavenger/omnivore,7.61,27.78,15.44,-18.84,3.65
325,20120813,2012,CBL11,Pagurus sp.,scavenger/omnivore,4.76,46.6,13.07,-19.27,8.69
378,20120824,2012,CBL15,Pagurus sp.,scavenger/omnivore,8.52,32.71,14.55,-18.39,3.84
428,20120819,2012,H1,Pagurus sp.,scavenger/omnivore,6.82,25.75,14.45,-18.46,3.78
353,20120814,2012,H10,Pagurus sp.,scavenger/omnivore,3.84,38.68,13.67,-19.34,8.37
209-210,20130813,2013,H102,Pagurus sp.,scavenger/omnivore,1.28,16.08,12.94,-20.81,11.05
1155,20130810,2013,H107,Pagurus sp.,scavenger/omnivore,3.67,14.3,14.8,-18.75,3.9
1257,20130803,2013,H112,Pagurus sp.,scavenger/omnivore,3.6,13.88,15.16,-16.68,3.85
1255,20130803,2013,H112,Pagurus sp.,scavenger/omnivore,3.84,14.36,15.02,-16.92,3.74
735-736,20130811,2013,H15,Pagurus sp.,scavenger/omnivore,1.88,15.23,13.86,-20.59,9.92
315,20120820,2012,H16,Pagurus sp.,scavenger/omnivore,5.3,35.63,13.3,-20.82,7.59
777,20130804,2013,H17,Pagurus sp.,scavenger/omnivore,3.82,15.26,14.34,-18.68,3.99
442,20120819,2012,H19,Pagurus sp.,scavenger/omnivore,9.12,34.6,14.62,-18.06,3.8
405,20120818,2012,H2,Pagurus sp.,scavenger/omnivore,5.84,31.74,13.51,-20.67,8.76
452,20120820,2012,H20,Pagurus sp.,scavenger/omnivore,6.9,29.34,14.43,-19.88,4.25
341,20120814,2012,H21,Pagurus sp.,scavenger/omnivore,5.55,36.79,13.71,-19.44,7.49
323,20120813,2012,H24,Pagurus sp.,scavenger/omnivore,5.97,54.08,13.59,-19.85,8.02
829-830,20130811,2013,H27,Pagurus sp.,scavenger/omnivore,2.75,17.69,15.22,-20.63,6.18
869,20130811,2013,H28,Pagurus sp.,scavenger/omnivore,1.44,16.37,14.46,-18.12,11.37
947-948,20130809,2013,H29,Pagurus sp.,scavenger/omnivore,1.64,14.81,14,-20.72,10.75
421,20120819,2012,H3,Pagurus sp.,scavenger/omnivore,4.56,32.77,13.55,-20.7,7.84
257,20120821,2012,H32,Pagurus sp.,scavenger/omnivore,5.55,41.78,14.37,-21.5,8.23
1057-1058,20130812,2013,H34,Pagurus sp.,scavenger/omnivore,2.84,15.05,10.38,-16.57,4.71
461,20120823,2012,H38,Pagurus sp.,scavenger/omnivore,3.36,37.8,12.65,-20.82,11.54
394,20120817,2012,H4,Pagurus sp.,scavenger/omnivore,8.29,31.64,14.95,-18.14,3.82
539,20130804,2013,H6,Pagurus sp.,scavenger/omnivore,4.28,16.9,13.89,-17.63,3.95
374,20120816,2012,H6,Pagurus sp.,scavenger/omnivore,12.43,48.53,15.67,-18.28,3.9
601,20130804,2013,H7,Pagurus sp.,scavenger/omnivore,4.54,18.86,14.41,-17.56,4.15
386,20120816,2012,H8,Pagurus sp.,scavenger/omnivore,11.96,46.47,15.03,-18.26,3.89
679,20130806,2013,H9,Pagurus sp.,scavenger/omnivore,4.02,18.12,14.22,-19.51,4.5
1351,20130804,2013,UTX1,Pagurus sp.,scavenger/omnivore,4.14,15.73,14.85,-18.01,3.8
1447,20130805,2013,UTX11,Pagurus sp.,scavenger/omnivore,3.53,13.01,14.26,-17.77,3.68
1391-1392,20130805,2013,UTX8,Pagurus sp.,scavenger/omnivore,1.9,16.44,13.31,-19.45,9.83
1311,20130808,2013,BARC10,Pandalus sp.,predator,3.55,14.7,15.74,-19.6,4.14
1521,20130802,2013,CBL11,Pandalus sp.,predator,4.71,18.99,14.91,-18.45,4.03
1567,20130805,2013,CBL13,Pandalus sp.,predator,3.92,16,15.71,-19.19,4.08
1605,20130807,2013,CBL14,Pandalus sp.,predator,3.82,14.81,16.33,-17.72,3.87
191,20130813,2013,H102,Pandalus sp.,predator,4.24,17.33,15.05,-16.36,4.08
1157,20130810,2013,H107,Pandalus sp.,predator,3.64,15.41,15.3,-19.17,4.23
1201,20130807,2013,H111,Pandalus sp.,predator,4.9,18.61,15.09,-17.72,3.8
733-734,20130811,2013,H15,Pandalus sp.,predator,3.59,21.99,15.26,-20.08,5.01
779,20130804,2013,H17,Pandalus sp.,predator,4.29,16.72,15.07,-18.24,3.9
827-828,20130811,2013,H27,Pandalus sp.,predator,3.52,13.73,15.08,-20.05,4.35
867,20130811,2013,H28,Pandalus sp.,predator,4.19,7.41,15.43,-19.5,1.77
945,20130809,2013,H29,Pandalus sp.,predator,4.42,17.03,15.52,-18.6,3.85
259,20120821,2012,H32,Pandalus sp.,predator,10.79,39.56,14.96,-21.94,4.93
1015,20130810,2013,H33,Pandalus sp.,predator,3.73,16.77,14.43,-15.72,4.49
1055,20130812,2013,H34,Pandalus sp.,predator,2.17,10.37,13.52,-17.69,4.77
1097,20130805,2013,H53,Pandalus sp.,predator,4.08,17.97,13.3,-13.92,4.4
531-532,20130804,2013,H6,Pandalus sp.,predator,3.14,17.54,14.16,-19.55,6.01
603,20130804,2013,H7,Pandalus sp.,predator,3.67,14.27,14.42,-17.58,3.88
677-678,20130806,2013,H9,Pandalus sp.,predator,3.42,14.91,14.7,-20.13,3.45
1353,20130804,2013,UTX1,Pandalus sp.,predator,4.78,19.16,15.39,-18.55,4.01
1445,20130805,2013,UTX11,Pandalus sp.,predator,4.24,16.16,15.08,-18.47,3.81
1389-1390,20130805,2013,UTX8,Pandalus sp.,predator,3.07,16.69,13.28,-19.87,5.34
1649,20130810,2013,CBL15,Pandora glacialis,suspension feeder,2.62,12.85,11.73,-20.17,4.91
262,20120821,2012,H32,Pandora glacialis,suspension feeder,6.14,29.95,11.44,-20.57,4.87
1203-1204,20130807,2013,H111,Phyllodoce groenlandica,scavenger/omnivore,3.34,18.16,14.19,-20.26,5.87
61-62,20130808,2013,BARC1,Phyto 20um,end-member,,,8.81,-21.62,
131,20120822,2012,BARC1,Phyto 20um,end-member,5.8,59.57,8.35,-21.72,
65-66,20130808,2013,BARC3,Phyto 20um,end-member,,,9.06,-21.9,
123,20120822,2012,BARC3,Phyto 20um,end-member,4.47,26.65,7.36,-25.14,
147,20120822,2012,BARC5,Phyto 20um,end-member,4.93,21.02,6.89,-21.77,7.11
73-74,20130731,2013,BARC5,Phyto 20um,end-member,,,7.52,-21.79,
133,20120823,2012,BARC7,Phyto 20um,end-member,6.59,62.87,9.72,-22.69,
203,20120823,2012,BARC9,Phyto 20um,end-member,6.88,13.16,8.46,-23.09,
69-70,20130808,2013,BARC9 ,Phyto 20um,end-member,,,7.98,-25.52,
47,20120811,2012,BRS5,Phyto 20um,end-member,4.14,25.13,7.06,-19.48,5.99
77-78,20130802,2013,CBL11,Phyto 20um,end-member,,,8.79,-22.33,
83,20120813,2012,CBL11,Phyto 20um,end-member,5.22,195.08,10.09,-23.36,
81-82,20130805,2013,CBL13,Phyto 20um,end-member,,,8.14,-23.9,
127,20120823,2012,CBL14,Phyto 20um,end-member,5.43,10.46,8.46,-22.35,
157,20120819,2012,H1,Phyto 20um,end-member,18.28,66.99,8.75,-22.26,
19,20120814,2012,H10,Phyto 20um,end-member,27.78,139.25,8.24,-22,
41-42,20130810,2013,H102,Phyto 20um,end-member,,,8.18,-21.75,
45-46,20130810,2013,H107,Phyto 20um,end-member,,,8.23,-24.33,
49-50,20130807,2013,H111,Phyto 20um,end-member,,,7.77,-22.46,
57-58,20130803,2013,H112,Phyto 20um,end-member,,,8.64,-22.98,
201,20120817,2012,H14,Phyto 20um,end-member,10.24,58.46,7.28,-22.08,6.35
6-May,20130811,2013,H15,Phyto 20um,end-member,,,8.61,-22.36,
97,20120820,2012,H16,Phyto 20um,end-member,12.95,39.43,7.98,-21.36,
10-Sep,20130804,2013,H17,Phyto 20um,end-member,,,7.92,-22.68,
89,20120819,2012,H19,Phyto 20um,end-member,27.38,70.63,9.8,-21.62,
167,20120818,2012,H2,Phyto 20um,end-member,28.86,157.04,8.65,-21.26,
113,20120820,2012,H20,Phyto 20um,end-member,34.37,110.75,9.72,-21.74,
27,20120814,2012,H21,Phyto 20um,end-member,26,134.38,9.49,-21.95,
13-14,20130811,2013,H27,Phyto 20um,end-member,,,9.83,-22.51,
17-18,20130811,2013,H28,Phyto 20um,end-member,,,7.75,-22.77,
21-22,20130809,2013,H29,Phyto 20um,end-member,,,7.4,-23.16,
191,20120818,2012,H3,Phyto 20um,end-member,3.23,16.96,8.94,-21.14,5.54
217,20120815,2012,H30,Phyto 20um,end-member,9.56,54.08,9.19,-22.65,7.51
71,20120821,2012,H32,Phyto 20um,end-member,9.4,26.99,8.32,-21.78,
25-26,20130810,2013,H33,Phyto 20um,end-member,,,8.76,-22.23,
29-30,20130812,2013,H34,Phyto 20um,end-member,,,8.29,-22.76,
135,20120824,2012,H37,Phyto 20um,end-member,9.61,30.57,9.52,-21.5,
3,20120823,2012,H38,Phyto 20um,end-member,3.82,19.21,9.12,-21.65,
57,20120817,2012,H4,Phyto 20um,end-member,9.1,58.86,7.3,-21.89,
175,20120818,2012,H5,Phyto 20um,end-member,32.05,146.17,8.97,-20.25,
33-34,20130805,2013,H53,Phyto 20um,end-member,,,7.69,-21.6,
17,20120816,2012,H6,Phyto 20um,end-member,16.33,81.31,7.09,-21.8,
37-38,20130804,2013,H7,Phyto 20um,end-member,,,6.77,-22.53,
35,20120816,2012,H8,Phyto 20um,end-member,8.14,50.46,8.75,-21.04,6.55
89-90,20130805,2013,UTX 11,Phyto 20um,end-member,,,7.58,-22.01,
85-86,20130805,2013,UTX 8,Phyto 20um,end-member,,,7.8,-22.62,
264,20120821,2012,H32,Plicifusus kroeyeri,predator,7.1,29.14,16.38,-18.04,4.11
537,20130804,2013,H6,Plicifusus kroeyeri,predator,4.84,20.61,17.43,-16.03,4.26
681,20130806,2013,H9,Plicifusus kroeyeri,predator,2.67,13.43,12.91,-19.79,5.03
737-738,20130811,2013,H15,Priapulus caudatus,predator,2.21,22.18,16.09,-21.26,9.07
831-832,20130811,2013,H27,Priapulus caudatus,predator,2.77,12.49,16.37,-19.91,6.12
1653,20130810,2013,CBL15,Saduria sabini,scavenger/omnivore,4.42,16.99,14.4,-19.2,3.84
127-128,20130813,2013,H102,Saduria sabini,scavenger/omnivore,1.47,19.48,14.69,-18.33,11.3
1163,20130810,2013,H107,Saduria sabini,scavenger/omnivore,2.74,12.02,15.07,-19.07,4.39
739-740,20130811,2013,H15,Saduria sabini,scavenger/omnivore,1.4,14.03,14.83,-21.83,11.32
871-872,20130811,2013,H28,Saduria sabini,scavenger/omnivore,1.52,15.09,14.48,-21.73,11.57
955,20130809,2013,H29,Saduria sabini,scavenger/omnivore,2.53,12.95,16.88,-20.66,5.12
265,20120821,2012,H32,Saduria sabini,scavenger/omnivore,5.3,31.74,14.09,-22.31,8.69
1023-1024,20130810,2013,H33,Saduria sabini,scavenger/omnivore,1.79,16.58,13.81,-19.24,10.53
1687-1688,20130808,2013,BARC3,Sagitta sp.,predator,3.78,23.87,13.68,-24.99,6.55
1689-1690,20130808,2013,BARC9,Sagitta sp.,predator,2.95,24.18,15.57,-22.26,6.69
1695-1696,20130802,2013,CBL11,Sagitta sp.,predator,2.07,22.22,14.6,-23.4,9.85
1697-1698,20130805,2013,CBL13,Sagitta sp.,predator,2.39,15.77,14.94,-21,7.89
119-120,20130813,2013,H102,Sagitta sp.,predator,3.76,16.82,15.56,-18.65,4.78
1681-1682,20130810,2013,H107,Sagitta sp.,predator,2.74,26.59,14.91,-20.31,7.07
1683-1684,20130807,2013,H109,Sagitta sp.,predator,2.08,16.01,15.04,-19.78,6.49
1685-1686,20130807,2013,H111,Sagitta sp.,predator,2.18,19.29,14.8,-20.48,7.2
1219-1220,20130803,2013,H112,Sagitta sp.,predator,3.39,19.71,14.5,-20.3,4.54
741-742,20130811,2013,H15,Sagitta sp.,predator,3.53,15.54,17.03,-20.34,5.26
877-878,20130811,2013,H28,Sagitta sp.,predator,2.87,13.58,15.75,-20.5,5.18
689-690,20130806,2013,H9,Sagitta sp.,predator,3.96,20.59,15.82,-21.69,5.13
1333-1334,20130804,2013,UTX1,Sagitta sp.,predator,3.54,14.9,15.72,-21.84,5.61
1693-1694,20130805,2013,UTX11,Sagitta sp.,predator,3.03,24.02,14.96,-21.34,6.53
1691-1692,20130805,2013,UTX8,Sagitta sp.,predator,2.46,17.09,15.26,-20.27,6.39
307-308,20130808,2013,BARC1,sediment,end-member,1.63,13.68,5.96,-25.17,7.24
,20120822,2012,BARC5,sediment,end-member,3.68,42.98,6.03,-23.42,10.98
311-312,20130808,2013,BARC9,sediment,end-member,4.17,34.38,8.72,-23.51,9.18
323-324,20130802,2013,CBL11,sediment,end-member,2.87,23.53,8.04,-23.21,7.64
,20120813,2012,CBL11,sediment,end-member,2.8,33.29,7.72,-23.48,12.33
327-328,20130805,2013,CBL13,sediment,end-member,4.71,42.32,7.19,-22.92,9.22
,20120819,2012,H1,sediment,end-member,2.29,37.88,7.65,-23.8,17.75
,20120814,2012,H10,sediment,end-member,3.39,21.4,7.63,-23.39,6.7
291-292,20130810,2013,H107,sediment,end-member,0.45,33.56,7.14,-22.82,74.49
295-296,20130807,2013,H109,sediment,end-member,0.49,34.14,7.72,-23.15,75.43
299-300,20130807,2013,H111,sediment,end-member,0.39,28.95,6.06,-24.02,69.45
303-304,20130802,2013,H112,sediment,end-member,0.46,37.14,7.25,-22.03,81.63
,20120817,2012,H14,sediment,end-member,3.9,20.39,8.1,-23.27,5.13
259-260,20130811,2013,H15,sediment,end-member,2.83,23.88,8.43,-23.27,8.84
,20120820,2012,H16,sediment,end-member,1.81,28.68,8.13,-23.53,15.06
263-264,20130804,2013,H17,sediment,end-member,1.87,15.34,8.35,-23.09,8.45
,20120819,2012,H19,sediment,end-member,3.99,44.09,7.93,-23.51,10.23
,20120818,2012,H2,sediment,end-member,0.53,10.92,6.77,-23.36,20.88
,20120820,2012,H20,sediment,end-member,3.51,9.67,7.82,-23.28,
,20120814,2012,H21,sediment,end-member,4.72,30.1,7.82,-23.19,6.47
,20120813,2012,H24,sediment,end-member,1.1,7.02,7.79,-24.17,6.6
267-268,20130811,2013,H27,sediment,end-member,4.82,39.57,7.53,-22.49,8.28
271-272,20130811,2013,H28,sediment,end-member,4.95,44.37,7.74,-22.68,8.98
275-276,20130809,2013,H29,sediment,end-member,4.36,37.69,7.64,-22.79,8.52
,20120818,2012,H30,sediment,end-member,1.72,4.75,7.96,-23.42,
,20120815,2012,H30,sediment,end-member,4.5,42.33,8.21,-24.77,8.87
279-280,20130810,2013,H33,sediment,end-member,3.03,29.04,8.11,-22.72,9.81
283-284,20130812,2013,H34,sediment,end-member,2.19,18.22,8.18,-23.02,7.68
,20120824,2012,H37,sediment,end-member,3.55,38.86,7.34,-23.54,11.32
,20120823,2012,H38,sediment,end-member,2.68,31.36,7.31,-23.51,11.78
,20120817,2012,H4,sediment,end-member,4.93,38.3,8.24,-23.83,7.95
,20120818,2012,H5,sediment,end-member,0.31,2.36,5.46,-23.49,
287-288,20130805,2013,H53,sediment,end-member,0.48,16.61,7.59,-23.11,35.31
,20120816,2012,H6,sediment,end-member,0.88,28.32,7.06,-23.28,29.85
251-252,20130804,2013,H7,sediment,end-member,0.93,8.3,7.92,-23.65,8.95
,20120816,2012,H8,sediment,end-member,2.92,15.49,8.33,-23.33,5
255-256,20130812,2013,H9,sediment,end-member,0.8,6.14,7.74,-23.75,6.6
319-320,20130805,2013,UTX 11,sediment,end-member,2.84,24.42,7.44,-22.97,8.62
315-316,20130805,2013,UTX 8,sediment,end-member,1.64,16.79,8.51,-23.5,10.59
119,20130805,2013, H53,Serripes groenlandicus,suspension feeder,3.67,17.24,10.16,-20.38,4.7
219,20130813,2013,H102,Serripes groenlandicus,suspension feeder,2.73,12.53,12.21,-19.4,4.6
197,20130811,2013,H15,Serripes groenlandicus,suspension feeder,3.23,13.98,11.21,-19.74,4.32
318,20120820,2012,H16,Serripes groenlandicus,suspension feeder,5.43,32.38,10.52,-20.72,5.96
91,20130804,2013,H17,Serripes groenlandicus,suspension feeder,3.68,15.38,9.26,-19.15,4.18
167,20130811,2013,H27,Serripes groenlandicus,suspension feeder,3.45,14.36,10.66,-19.87,4.16
243,20130811,2013,H28,Serripes groenlandicus,suspension feeder,3.94,16.13,9.58,-19.28,4.1
55,20130809,2013,H29,Serripes groenlandicus,suspension feeder,3.42,17.58,10.46,-20.32,5.15
21,20130809,2013,H32,Serripes groenlandicus,suspension feeder,3.77,15.89,11.2,-20.04,4.21
268,20120821,2012,H32,Serripes groenlandicus,suspension feeder,7.33,34.6,10.61,-20.71,4.72
207,20130812,2013,H34,Serripes groenlandicus,suspension feeder,2.62,12.88,13.11,-19.6,4.92
41,20130804,2013,H6,Serripes groenlandicus,suspension feeder,3.16,15.42,12.67,-19.07,4.88
187,20130812,2013,H9,Serripes groenlandicus,suspension feeder,2.77,13.14,11.49,-20.05,4.74
149,20130805,2013,UTX8,Serripes groenlandicus,suspension feeder,3.04,13.38,9.94,-20.79,4.4
1283,20130808,2013,BARC1,Tachyrhynchus sp.,suspension feeder,3.16,15.25,10.5,-18.93,4.82
1659,20130810,2013,CBL15,Tachyrhynchus sp.,suspension feeder,3.53,16.14,11.22,-20.2,4.57
141,20130813,2013,H102,Tachyrhynchus sp.,suspension feeder,3.4,17.7,11,-17.85,5.21
1167,20130810,2013,H107,Tachyrhynchus sp.,suspension feeder,2.98,15.93,10.45,-19.28,5.34
175,20130811,2013,H28,Tachyrhynchus sp.,suspension feeder,2.49,12.56,11.08,-20.4,5.05
1031,20130810,2013,H33,Tachyrhynchus sp.,suspension feeder,2.23,11.07,10.96,-16.96,4.97
10630,20130812,2013,H34,Tachyrhynchus sp.,suspension feeder,2.59,16.45,11.18,-18.69,6.34
543,20130804,2013,H6,Tachyrhynchus sp.,suspension feeder,1.89,11.62,11.98,-17.37,6.16
1453,20130805,2013,UTX11,Tachyrhynchus sp.,suspension feeder,3.26,15.53,10.96,-19.13,4.76
1455,20130805,2013,UTX11,Tachyrhynchus sp.,suspension feeder,2.37,12.15,10.06,-19.63,5.12
1531-1532,20130802,2013,CBL11,Terebellides sp.,surface deposit feeder,2.21,15.06,12.67,-18.83,7.58
1169-1170,20130810,2013,H107,Terebellides sp.,surface deposit feeder,2.47,13.33,11.6,-20.1,6.16
743-744,20130811,2013,H15,Terebellides sp.,surface deposit feeder,2.13,13.56,12.38,-22.41,8.18
787-788,20130804,2013,H17,Terebellides sp.,surface deposit feeder,1.84,14.27,11.25,-21.56,6.32
269,20120821,2012,H32,Terebellides sp.,surface deposit feeder,5.38,34.88,12.06,-22.68,6.49
693-694,20130806,2013,H9,Terebellides sp.,surface deposit feeder,1.87,5.06,11.82,-22.01,3.04
1301-1302,20130808,2013,BARC9,Thysanoessa raschii ,suspension feeder,1.58,17.39,10.49,-20.89,10.33
1698,20130807,2013,TW11,Thysanoessa raschii ,suspension feeder,3.3,15.8,12.56,-20.28,4.79
7,20130807,2013, H109,Yoldia hyperborea,subsurface deposit feeder,3.21,12.96,9.72,-19.44,4.04
123,20130805,2013, H53,Yoldia hyperborea,subsurface deposit feeder,2.71,13.76,10.76,-20.22,5.07
1535,20130802,2013,CBL11,Yoldia hyperborea,subsurface deposit feeder,3.79,14.91,8.76,-18.23,3.93
223,20130813,2013,H102,Yoldia hyperborea,subsurface deposit feeder,3.33,15.88,10.27,-19.49,4.77
1265,20130803,2013,H112,Yoldia hyperborea,subsurface deposit feeder,2.89,12.89,9.82,-18.62,4.46
1264,20130803,2013,H112,Yoldia hyperborea,subsurface deposit feeder,3.21,18.83,9.79,-20.33,5.87
320,20120820,2012,H16,Yoldia hyperborea,subsurface deposit feeder,11.17,47.6,9.2,-19.63,4.26
95,20130804,2013,H17,Yoldia hyperborea,subsurface deposit feeder,3.06,17.42,11.18,-20.96,5.69
171,20130811,2013,H27,Yoldia hyperborea,subsurface deposit feeder,3.36,16.23,10.56,-20.76,4.83
61,20130809,2013,H29,Yoldia hyperborea,subsurface deposit feeder,3.74,16.24,8.81,-19.4,4.35
23,20130809,2013,H32,Yoldia hyperborea,subsurface deposit feeder,3.07,12.7,9.69,-19.83,4.14
272,20120821,2012,H32,Yoldia hyperborea,subsurface deposit feeder,7.06,27.65,9.17,-20.4,3.92
19,20130810,2013,H33,Yoldia hyperborea,subsurface deposit feeder,2.83,11.96,8.25,-19.29,4.22
209,20130812,2013,H34,Yoldia hyperborea,subsurface deposit feeder,2.9,13.13,9.97,-20.2,4.53
45,20130804,2013,H6,Yoldia hyperborea,subsurface deposit feeder,4.07,18.43,9.53,-18.97,4.52
153,20130805,2013,UTX8,Yoldia hyperborea,subsurface deposit feeder,3.56,14.43,11.03,-20.4,4.06
